,0,1,2,3,4
0,好旺角粥麵專家,https://guide.michelin.com/hk/zh_HK/hong-kong-region/hong-kong/restaurant/good-hope-noodle,粥麵,"旺角洗衣街123號, Hong Kong, 香港",page - 1
1,留園雅敘,https://guide.michelin.com/hk/zh_HK/hong-kong-region/hong-kong/restaurant/liu-yuan-pavilion,滬菜,"灣仔駱克道54-62號博匯大廈3樓, Hong Kong, 香港",page - 1
2,Vea,https://guide.michelin.com/hk/zh_HK/hong-kong-region/hong-kong/restaurant/vea,創新菜,"中環威靈頓街198號The Wellington 30樓, Hong Kong, 香港",page - 1
3,豫園,https://guide.michelin.com/hk/zh_HK/hong-kong-region/hong-kong/restaurant/shanghai-yu-yuan,滬菜,"銅鑼灣登龍街18號 V Point 26樓, Hong Kong, 香港",page - 1
4,Épure,https://guide.michelin.com/hk/zh_HK/hong-kong-region/hong-kong/restaurant/epure,時尚法國菜,"尖沙咀廣東道3-27號海港城海洋中心4樓403號舖, Hong Kong, 香港",page - 1
5,新福記,https://guide.michelin.com/hk/zh_HK/hong-kong-region/hong-kong/restaurant/sun-fook-kee,閩菜,"北角渣華道3-5 號永光閣1樓, Hong Kong, 香港",page - 1
6,添好運 (北角),https://guide.michelin.com/hk/zh_HK/hong-kong-region/hong-kong/restaurant/tim-ho-wan-north-point,點心,"北角和富道2-8號, Hong Kong, 香港",page - 1
7,德記,https://guide.michelin.com/hk/zh_HK/hong-kong-region/hong-kong/restaurant/tak-kee,潮州菜,"西環卑路乍街3號G地舖, Hong Kong, 香港",page - 1
8,彭慶記,https://guide.michelin.com/hk/zh_HK/hong-kong-region/hong-kong/restaurant/pang-s-kitchen,粵菜,"跑馬地奕蔭街25號, Hong Kong, 香港",page - 1
9,New Punjab Club,https://guide.michelin.com/hk/zh_HK/hong-kong-region/hong-kong/restaurant/new-punjab-club,印度菜,"中環雲咸街34號世界商業大廈地下, Hong Kong, 香港",page - 1
10,呇 (尖沙咀),https://guide.michelin.com/hk/zh_HK/hong-kong-region/hong-kong/restaurant/qi-tsim-sha-tsui,川菜,"尖沙咀北京道12號A太子集團中心20樓, Hong Kong, 香港",page - 1
11,文華廳,https://guide.michelin.com/hk/zh_HK/hong-kong-region/hong-kong/restaurant/man-wah,粵菜,"中環干諾道中5號文華東方酒店25樓, Hong Kong, 香港",page - 1
12,好湯好麵,https://guide.michelin.com/hk/zh_HK/hong-kong-region/hong-kong/restaurant/hao-tang-hao-mian,麵食,"大圍積存街20號地舖, Hong Kong, 香港",page - 1
13,潤,https://guide.michelin.com/hk/zh_HK/hong-kong-region/hong-kong/restaurant/run,粵菜,"灣仔港灣徑1號瑞吉酒店2樓, Hong Kong, 香港",page - 1
14,Brass Spoon (Wan Chai),https://guide.michelin.com/hk/zh_HK/hong-kong-region/hong-kong/restaurant/brass-spoon-wan-chai,越南菜,"灣仔月街1-3號地下B舖, Hong Kong, 香港",page - 1
15,大榮華,https://guide.michelin.com/hk/zh_HK/hong-kong-region/hong-kong/restaurant/tai-wing-wah,粵菜,"元朗安寧路2-6號2樓, Hong Kong, 香港",page - 1
16,L'Envol,https://guide.michelin.com/hk/zh_HK/hong-kong-region/hong-kong/restaurant/l-envol,時尚法國菜,"灣仔港灣徑1號瑞吉酒店3樓, Hong Kong, 香港",page - 1
17,坤記糕品,https://guide.michelin.com/hk/zh_HK/hong-kong-region/hong-kong/restaurant/kwan-kee-store,街頭小吃,"深水埗福華街115-117號, Hong Kong, 香港",page - 1
18,明閣 (旺角),https://guide.michelin.com/hk/zh_HK/hong-kong-region/hong-kong/restaurant/ming-court,粵菜,"旺角上海街555號康得思酒店6樓, Hong Kong, 香港",page - 1
19,唐人館 (中環),https://guide.michelin.com/hk/zh_HK/hong-kong-region/hong-kong/restaurant/china-tang-central,粵菜,"中環皇后大道中15號置地廣場中庭4樓411-413號舖, Hong Kong, 香港",page - 1
20,柏屋,https://guide.michelin.com/hk/zh_HK/hong-kong-region/hong-kong/restaurant/kashiwaya,日本菜,"中環安蘭街18號8樓, Hong Kong, 香港",page - 2
21,富小路山岸,https://guide.michelin.com/hk/zh_HK/hong-kong-region/hong-kong/restaurant/tominokoji-yamagishi-1191560,日本菜,"尖沙咀梳士巴利道18號K11 MUSEA 5樓506號舖, Hong Kong, 香港",page - 2
22,麵鮮醬油房周月(鰂魚涌),https://guide.michelin.com/hk/zh_HK/hong-kong-region/hong-kong/restaurant/shugetsu-ramen-quarry-bay,拉麵,"鰂魚涌海光街30號, Hong Kong, 香港",page - 2
23,豆漿大王 (新蒲崗),https://guide.michelin.com/hk/zh_HK/hong-kong-region/hong-kong/restaurant/king-of-soyabeans-san-po-kong,街頭小吃,"新蒲崗大有街34號新科技廣場地下9號舖, Hong Kong, 香港",page - 2
24,彤福軒,https://guide.michelin.com/hk/zh_HK/hong-kong-region/hong-kong/restaurant/the-legacy-house,順德菜,"尖沙咀梳士巴利道18號瑰麗酒店5樓, Hong Kong, 香港",page - 2
25,唐人館 (尖沙咀),https://guide.michelin.com/hk/zh_HK/hong-kong-region/hong-kong/restaurant/china-tang-tsim-sha-tsui,粵菜,"尖沙咀廣東道17號海港城港威商場4樓4101號舖, Hong Kong, 香港",page - 2
26,合時小廚,https://guide.michelin.com/hk/zh_HK/hong-kong-region/hong-kong/restaurant/hop-sze,粵菜,"西灣河筲箕灣道39號麗灣大廈地下, Hong Kong, 香港",page - 2
27,美味廚,https://guide.michelin.com/hk/zh_HK/hong-kong-region/hong-kong/restaurant/megan-s-kitchen,粵菜,"灣仔灣仔道165-171號樂基中心5樓, Hong Kong, 香港",page - 2
28,奇趣餅家,https://guide.michelin.com/hk/zh_HK/hong-kong-region/hong-kong/restaurant/kei-tsui,街頭小吃,"旺角花園街135號, Hong Kong, 香港",page - 2
29,榴槤樂園（尖沙咀）,https://guide.michelin.com/hk/zh_HK/hong-kong-region/hong-kong/restaurant/durian-land,街頭小吃,"尖沙咀金巴利道92號, Hong Kong, 香港",page - 2
30,香宮,https://guide.michelin.com/hk/zh_HK/hong-kong-region/hong-kong/restaurant/shang-palace,粵菜,"尖東麼地道64號九龍香格里拉酒店地庫1樓, Hong Kong, 香港",page - 2
31,靠得住 (灣仔),https://guide.michelin.com/hk/zh_HK/hong-kong-region/hong-kong/restaurant/trusty-congee-king-wan-chai,粥麵,"灣仔克街7號, Hong Kong, 香港",page - 2
32,英記麵家,https://guide.michelin.com/hk/zh_HK/hong-kong-region/hong-kong/restaurant/eng-kee-noodle-shop,麵食,"西營盤高街32號地下, Hong Kong, 香港",page - 2
33,全記海鮮 (海傍街),https://guide.michelin.com/hk/zh_HK/hong-kong-region/hong-kong/restaurant/chuen-kee-seafood,海鮮,"西貢海傍街53號, Hong Kong, 香港",page - 2
34,夏宮,https://guide.michelin.com/hk/zh_HK/hong-kong-region/hong-kong/restaurant/summer-palace,粵菜,"金鐘法院道太古廣場港島香格里拉酒店5樓, Hong Kong, 香港",page - 2
35,Bo Innovation,https://guide.michelin.com/hk/zh_HK/hong-kong-region/hong-kong/restaurant/bo-innovation,創新菜,"灣仔莊士敦道60號J Senses 1樓平台8號舖, Hong Kong, 香港",page - 2
36,利苑酒家 (九龍灣),https://guide.michelin.com/hk/zh_HK/hong-kong-region/hong-kong/restaurant/lei-garden-kowloon-bay,粵菜,"九龍灣偉業街33號德福廣場一期F2號舖, Hong Kong, 香港",page - 2
37,Ryota Kappou Modern,https://guide.michelin.com/hk/zh_HK/hong-kong-region/hong-kong/restaurant/ryota-kappou-modern,日本菜,"中環安蘭街18號21樓, Hong Kong, 香港",page - 2
38,8 1/2 Otto e Mezzo - Bombana,https://guide.michelin.com/hk/zh_HK/hong-kong-region/hong-kong/restaurant/8%C2%BD-otto-e-mezzo-bombana,意大利菜,"中環遮打道18號歷山大廈2樓202號舖, Hong Kong, 香港",page - 2
39,利苑酒家 (北角),https://guide.michelin.com/hk/zh_HK/hong-kong-region/hong-kong/restaurant/lei-garden-north-point,粵菜,"北角城市花園道10號城市花園9-10座1樓, Hong Kong, 香港",page - 2
40,太湖海鮮城,https://guide.michelin.com/hk/zh_HK/hong-kong-region/hong-kong/restaurant/tai-woo-causeway-bay,粵菜,"銅鑼灣駱克道463-483號銅鑼灣廣場第二期9樓, Hong Kong, 香港",page - 3
41,蘇記燉蛋,https://guide.michelin.com/hk/zh_HK/hong-kong-region/hong-kong/restaurant/so-kee,街頭小吃,"元朗鳳攸東街9號好順意大廈A座地下15號舖, Hong Kong, 香港",page - 3
42,The Butchers Club (Wan Chai),https://guide.michelin.com/hk/zh_HK/hong-kong-region/hong-kong/restaurant/butchers-club,街頭小吃,"灣仔蘭杜街2號麗都大廈地下, Hong Kong, 香港",page - 3
43,唐閣,https://guide.michelin.com/hk/zh_HK/hong-kong-region/hong-kong/restaurant/t-ang-court,粵菜,"尖沙咀北京道8號朗廷酒店1-2樓, Hong Kong, 香港",page - 3
44,星記 (中環),https://guide.michelin.com/hk/zh_HK/hong-kong-region/hong-kong/restaurant/sing-kee-central,粵菜,"中環擺花街1號一號廣場2樓, Hong Kong, 香港",page - 3
45,農圃,https://guide.michelin.com/hk/zh_HK/hong-kong-region/hong-kong/restaurant/farm-house,粵菜,"銅鑼灣新寧道8號中國太平大廈1樓, Hong Kong, 香港",page - 3
46,詠藜園,https://guide.michelin.com/hk/zh_HK/hong-kong-region/hong-kong/restaurant/wing-lai-yuen,"滬菜, 滬菜","紅磡德安街7號黃埔花園第8期黃埔美食坊1樓102-105號舖, Hong Kong, 香港",page - 3
47,Locanda dell' Angelo,https://guide.michelin.com/hk/zh_HK/hong-kong-region/hong-kong/restaurant/locanda-dell-angelo,意大利菜,"跑馬地源遠街12號, Hong Kong, 香港",page - 3
48,Involtini,https://guide.michelin.com/hk/zh_HK/hong-kong-region/hong-kong/restaurant/involtini,意大利菜,"銅鑼灣駱克道459-461 號 The L. Square 11樓, Hong Kong, 香港",page - 3
49,鼎泰豐 (新港中心),https://guide.michelin.com/hk/zh_HK/hong-kong-region/hong-kong/restaurant/din-tai-fung-silvercord,滬菜,"尖沙咀廣東道30號新港中心3樓306號舖, Hong Kong, 香港",page - 3
50,割烹凜,https://guide.michelin.com/hk/zh_HK/hong-kong-region/hong-kong/restaurant/kappo-rin,日本菜,"中環皇后大道中15號置地文華東方酒店7樓, Hong Kong, 香港",page - 3
51,媽咪雞蛋仔（加拿分道）,https://guide.michelin.com/hk/zh_HK/hong-kong-region/hong-kong/restaurant/mammy-pancake,街頭小吃,"尖沙咀加拿分道8-12號, Hong Kong, 香港",page - 3
52,御寶軒 (尖沙咀),https://guide.michelin.com/hk/zh_HK/hong-kong-region/hong-kong/restaurant/imperial-treasure-fine-chinese-cuisine,粵菜,"尖沙咀北京道1號10樓, Hong Kong, 香港",page - 3
53,阿純山東餃子,https://guide.michelin.com/hk/zh_HK/hong-kong-region/hong-kong/restaurant/ah-chun-shandong-dumpling,餃子,"太子荔枝角道60號, Hong Kong, 香港",page - 3
54,Whisk,https://guide.michelin.com/hk/zh_HK/hong-kong-region/hong-kong/restaurant/whisk,時尚歐陸菜,"尖沙咀彌敦道118號The Mira 5樓, Hong Kong, 香港",page - 3
55,利苑酒家 (旺角),https://guide.michelin.com/hk/zh_HK/hong-kong-region/hong-kong/restaurant/lei-garden-mong-kok,粵菜,"旺角洗衣街121號, Hong Kong, 香港",page - 3
56,有緣小敍 (佐敦),https://guide.michelin.com/hk/zh_HK/hong-kong-region/hong-kong/restaurant/yau-yuen-siu-tsui-jordan,陝西菜,"佐敦文苑街36號地下, Hong Kong, 香港",page - 3
57,利苑酒家 (中環),https://guide.michelin.com/hk/zh_HK/hong-kong-region/hong-kong/restaurant/lei-garden-central,粵菜,"中環港景街1號國際金融中心商場3樓3008-3011號舖, Hong Kong, 香港",page - 3
58,何必館,https://guide.michelin.com/hk/zh_HK/hong-kong-region/hong-kong/restaurant/ho-land,粵菜,"灣仔駱克道54-62號博匯大廈4樓, Hong Kong, 香港",page - 3
59,八寶清湯腩,https://guide.michelin.com/hk/zh_HK/hong-kong-region/hong-kong/restaurant/eight-treasures,麵食,"天后電氣道124號榮華大廈地下B舖, Hong Kong, 香港",page - 3
60,華姐清湯腩,https://guide.michelin.com/hk/zh_HK/hong-kong-region/hong-kong/restaurant/sister-wah-tin-hau,麵食,"天后電氣道13號A1號舖, Hong Kong, 香港",page - 4
61,Andō,https://guide.michelin.com/hk/zh_HK/hong-kong-region/hong-kong/restaurant/ando,創新菜,"中環威靈頓街52-54號Somptueux Central 1樓, Hong Kong, 香港",page - 4
62,萬豪金殿,https://guide.michelin.com/hk/zh_HK/hong-kong-region/hong-kong/restaurant/man-ho,粵菜,"金鐘金鐘道88號太古廣場JW萬豪酒店3樓, Hong Kong, 香港",page - 4
63,古月,https://guide.michelin.com/hk/zh_HK/hong-kong-region/hong-kong/restaurant/ancient-moon,星馬菜,"北角錦屏街29號A舖, Hong Kong, 香港",page - 4
64,勝記,https://guide.michelin.com/hk/zh_HK/hong-kong-region/hong-kong/restaurant/sai-kung-sing-kee,海鮮,"西貢西貢大街39號, Hong Kong, 香港",page - 4
65,泉章居 (旺角),https://guide.michelin.com/hk/zh_HK/hong-kong-region/hong-kong/restaurant/chuen-cheung-kui-mong-kok,客家菜,"旺角奶路臣街33號依利大廈E舖, Hong Kong, 香港",page - 4
66,Louise,https://guide.michelin.com/hk/zh_HK/hong-kong-region/hong-kong/restaurant/louise,時尚法國菜,"中環鴨巴甸街35號PMQ, Hong Kong, 香港",page - 4
67,國金軒 (尖沙咀),https://guide.michelin.com/hk/zh_HK/hong-kong-region/hong-kong/restaurant/cuisine-cuisine-at-the-mira,粵菜,"尖沙咀彌敦道118號The Mira 3樓, Hong Kong, 香港",page - 4
68,百樂潮州 (希慎道),https://guide.michelin.com/hk/zh_HK/hong-kong-region/hong-kong/restaurant/pak-loh-chiu-chow-hysan-avenue,潮州菜,"銅鑼灣希慎道23-25號, Hong Kong, 香港",page - 4
69,嘉麟樓,https://guide.michelin.com/hk/zh_HK/hong-kong-region/hong-kong/restaurant/spring-moon,粵菜,"尖沙咀梳士巴利道半島酒店1樓, Hong Kong, 香港",page - 4
70,Yardbird,https://guide.michelin.com/hk/zh_HK/hong-kong-region/hong-kong/restaurant/yardbird,雞肉串燒,"上環永樂街154-158號, Hong Kong, 香港",page - 4
71,Ciak - All Day Italian,https://guide.michelin.com/hk/zh_HK/hong-kong-region/hong-kong/restaurant/ciak-all-day-italian,意大利菜,"太古太古城道18號太古城中心2樓265號舖, Hong Kong, 香港",page - 4
72,志魂,https://guide.michelin.com/hk/zh_HK/hong-kong-region/hong-kong/restaurant/sushi-shikon,壽司,"中環皇后大道中15號置地文華東方酒店7樓, Hong Kong, 香港",page - 4
73,Arcane,https://guide.michelin.com/hk/zh_HK/hong-kong-region/hong-kong/restaurant/arcane,時尚歐陸菜,"中環安蘭街18號3樓, Hong Kong, 香港",page - 4
74,港灣壹號,https://guide.michelin.com/hk/zh_HK/hong-kong-region/hong-kong/restaurant/one-harbour-road,粵菜,"灣仔港灣道1號君悅酒店7-8樓, Hong Kong, 香港",page - 4
75,珀翠,https://guide.michelin.com/hk/zh_HK/hong-kong-region/hong-kong/restaurant/petrus,法國菜,"金鐘法院道太古廣場港島香格里拉酒店56樓, Hong Kong, 香港",page - 4
76,劉森記麵家 (福榮街),https://guide.michelin.com/hk/zh_HK/hong-kong-region/hong-kong/restaurant/lau-sum-kee-fuk-wing-street,麵食,"深水埗福榮街82號, Hong Kong, 香港",page - 4
77,Caprice,https://guide.michelin.com/hk/zh_HK/hong-kong-region/hong-kong/restaurant/caprice,時尚法國菜,"中環金融街8號四季酒店6樓, Hong Kong, 香港",page - 4
78,Owl's,https://guide.michelin.com/hk/zh_HK/hong-kong-region/hong-kong/restaurant/owl-s,街頭小吃,"尖沙咀麼地道32號地下, Hong Kong, 香港",page - 4
79,頤東,https://guide.michelin.com/hk/zh_HK/hong-kong-region/hong-kong/restaurant/eton,順德菜,"旺角彌敦道749號歐亞銀行大廈1及2樓, Hong Kong, 香港",page - 4
80,好運印尼餐廳,https://guide.michelin.com/hk/zh_HK/hong-kong-region/hong-kong/restaurant/lucky-indonesia,印尼菜,"觀塘通明街46號, Hong Kong, 香港",page - 5
81,沾仔記 (威靈頓街),https://guide.michelin.com/hk/zh_HK/hong-kong-region/hong-kong/restaurant/tsim-chai-kee-wellington-street,麵食,"中環威靈頓街98號, Hong Kong, 香港",page - 5
82,合益泰小食,https://guide.michelin.com/hk/zh_HK/hong-kong-region/hong-kong/restaurant/hop-yik-tai,街頭小吃,"深水埗桂林街121號, Hong Kong, 香港",page - 5
83,家全七福,https://guide.michelin.com/hk/zh_HK/hong-kong-region/hong-kong/restaurant/seventh-son,粵菜,"灣仔駱克道57-73號華美粵海酒店3樓, Hong Kong, 香港",page - 5
84,新同樂,https://guide.michelin.com/hk/zh_HK/hong-kong-region/hong-kong/restaurant/sun-tung-lok,粵菜,"尖沙咀彌敦道132號美麗華廣場一期食四方4樓401號舖, Hong Kong, 香港",page - 5
85,翠亨邨 (尖沙咀),https://guide.michelin.com/hk/zh_HK/hong-kong-region/hong-kong/restaurant/tsui-hang-village-tsim-sha-tsui,粵菜,"尖沙咀彌敦道132號美麗華廣場一期食四方5樓507號舖, Hong Kong, 香港",page - 5
86,文華扒房+酒吧,https://guide.michelin.com/hk/zh_HK/hong-kong-region/hong-kong/restaurant/mandarin-grill-bar,時尚歐陸菜,"中環干諾道中5號文華東方酒店1樓, Hong Kong, 香港",page - 5
87,公和荳品廠,https://guide.michelin.com/hk/zh_HK/hong-kong-region/hong-kong/restaurant/kung-wo-tofu,街頭小吃,"深水埗北河街118號, Hong Kong, 香港",page - 5
88,阿元來了 (西環),https://guide.michelin.com/hk/zh_HK/hong-kong-region/hong-kong/restaurant/yuan-is-here-western-district,台灣菜,"西環北街31號地下, Hong Kong, 香港",page - 5
89,阿一海景飯店,https://guide.michelin.com/hk/zh_HK/hong-kong-region/hong-kong/restaurant/ah-yat-harbour-view-tsim-sha-tsui,粵菜,"尖沙咀彌敦道63號iSquare29樓, Hong Kong, 香港",page - 5
90,新榮記,https://guide.michelin.com/hk/zh_HK/hong-kong-region/hong-kong/restaurant/xin-rong-ji,台州菜,"灣仔駱克道138號中國海外大廈地下及1樓, Hong Kong, 香港",page - 5
91,Poem,https://guide.michelin.com/hk/zh_HK/hong-kong-region/hong-kong/restaurant/poem,峇里菜,"中環雲咸街33號LKF Tower 5樓, Hong Kong, 香港",page - 5
92,Ichu,https://guide.michelin.com/hk/zh_HK/hong-kong-region/hong-kong/restaurant/ichu,秘魯菜,"中環皇后大道中80號H Queen's 3樓, Hong Kong, 香港",page - 5
93,Écriture,https://guide.michelin.com/hk/zh_HK/hong-kong-region/hong-kong/restaurant/ecriture,時尚法國菜,"中環皇后大道中80號H Queen's 26樓, Hong Kong, 香港",page - 5
94,Octavium,https://guide.michelin.com/hk/zh_HK/hong-kong-region/hong-kong/restaurant/octavium,意大利菜,"中環德輔道中22號華懋中心一期8樓, Hong Kong, 香港",page - 5
95,Cornerstone,https://guide.michelin.com/hk/zh_HK/hong-kong-region/hong-kong/restaurant/cornerstone1185044,時尚歐陸菜,"中環荷里活道49號, Hong Kong, 香港",page - 5
96,六福菜館,https://guide.michelin.com/hk/zh_HK/hong-kong-region/hong-kong/restaurant/loaf-on,海鮮,"西貢市場街49號, Hong Kong, 香港",page - 5
97,王府 (中環),https://guide.michelin.com/hk/zh_HK/hong-kong-region/hong-kong/restaurant/wang-fu-central,餃子,"中環威靈頓街65號, Hong Kong, 香港",page - 5
98,營致會館,https://guide.michelin.com/hk/zh_HK/hong-kong-region/hong-kong/restaurant/ying-jee-club,粵菜,"中環干諾道中41號盈置大廈地下G05及1樓107-108號舖, Hong Kong, 香港",page - 5
99,富臨飯店,https://guide.michelin.com/hk/zh_HK/hong-kong-region/hong-kong/restaurant/forum,粵菜,"銅鑼灣告士打道255-257號信和廣場1樓, Hong Kong, 香港",page - 5
100,Amber,https://guide.michelin.com/hk/zh_HK/hong-kong-region/hong-kong/restaurant/amber569032,時尚法國菜,"中環皇后大道中15號置地文華東方酒店7樓, Hong Kong, 香港",page - 6
101,Yakiniku Jumbo,https://guide.michelin.com/hk/zh_HK/hong-kong-region/hong-kong/restaurant/yakiniku-jumbo,燒烤,"中環德輔道中68號萬宜大廈3樓302號舖, Hong Kong, 香港",page - 6
102,添好運 (大角咀),https://guide.michelin.com/hk/zh_HK/hong-kong-region/hong-kong/restaurant/tim-ho-wan-tai-kwok-tsui,點心,"大角咀海庭道18號奧海城2期地下72A-C舖, Hong Kong, 香港",page - 6
103,鮨．齋藤,https://guide.michelin.com/hk/zh_HK/hong-kong-region/hong-kong/restaurant/sushi-saito,壽司,"中環金融街8號四季酒店45樓, Hong Kong, 香港",page - 6
104,避風塘興記,https://guide.michelin.com/hk/zh_HK/hong-kong-region/hong-kong/restaurant/hing-kee,海鮮,"尖沙咀彌敦道180號寶華商業大廈1樓, Hong Kong, 香港",page - 6
105,鼎泰豐 (銅鑼灣),https://guide.michelin.com/hk/zh_HK/hong-kong-region/hong-kong/restaurant/din-tai-fung-causeway-bay,滬菜,"銅鑼灣怡和街68號地下G3-G11號舖, Hong Kong, 香港",page - 6
106,Hanare,https://guide.michelin.com/hk/zh_HK/hong-kong-region/hong-kong/restaurant/hanare,日本菜,"中環德輔道中68號萬宜大廈302號舖, Hong Kong, 香港",page - 6
107,天龍軒,https://guide.michelin.com/hk/zh_HK/hong-kong-region/hong-kong/restaurant/tin-lung-heen,粵菜,"尖沙咀柯士甸道西1號環球貿易廣場麗思卡爾頓酒店102樓, Hong Kong, 香港",page - 6
108,利苑酒家 (灣仔),https://guide.michelin.com/hk/zh_HK/hong-kong-region/hong-kong/restaurant/lei-garden-wan-chai,粵菜,"灣仔軒尼詩道338號北海中心1樓, Hong Kong, 香港",page - 6
109,巴依,https://guide.michelin.com/hk/zh_HK/hong-kong-region/hong-kong/restaurant/ba-yi,新疆菜,"西營盤水街43號, Hong Kong, 香港",page - 6
110,拉麵Jo (銅鑼灣),https://guide.michelin.com/hk/zh_HK/hong-kong-region/hong-kong/restaurant/ramen-jo-causeway-bay,拉麵,"銅鑼灣加路連山道3號, Hong Kong, 香港",page - 6
111,天外天,https://guide.michelin.com/hk/zh_HK/hong-kong-region/hong-kong/restaurant/above-beyond,粵菜,"尖東科學館道17號唯港薈28樓, Hong Kong, 香港",page - 6
112,蛇王良,https://guide.michelin.com/hk/zh_HK/hong-kong-region/hong-kong/restaurant/she-wong-leung,粵菜,"北角電氣道298號地下A舖, Hong Kong, 香港",page - 6
113,嚐囍煲仔小菜,https://guide.michelin.com/hk/zh_HK/hong-kong-region/hong-kong/restaurant/sheung-hei-claypot-rice,粵菜,"西環北街25號地下, Hong Kong, 香港",page - 6
114,坤記竹昇麵,https://guide.michelin.com/hk/zh_HK/hong-kong-region/hong-kong/restaurant/kwan-kee-bamboo-noodles-cheung-sha-wan,麵食,"長沙灣永隆街1號E舖, Hong Kong, 香港",page - 6
115,Roganic,https://guide.michelin.com/hk/zh_HK/hong-kong-region/hong-kong/restaurant/roganic1185143,時尚歐陸菜,"銅鑼灣告士打道255號信和廣場UG層8號舖, Hong Kong, 香港",page - 6
116,甘牌燒鵝,https://guide.michelin.com/hk/zh_HK/hong-kong-region/hong-kong/restaurant/kam-s-roast-goose,燒味,"灣仔軒尼詩道226號, Hong Kong, 香港",page - 6
117,Castellana,https://guide.michelin.com/hk/zh_HK/hong-kong-region/hong-kong/restaurant/castellana,意大利菜,"銅鑼灣開平道1號Cubus 10樓, Hong Kong, 香港",page - 6
118,鳳城 (北角),https://guide.michelin.com/hk/zh_HK/hong-kong-region/hong-kong/restaurant/fung-shing-north-point,順德菜,"北角渣華道62-68號, Hong Kong, 香港",page - 6
119,福臨門 (灣仔),https://guide.michelin.com/hk/zh_HK/hong-kong-region/hong-kong/restaurant/fook-lam-moon-wan-chai,粵菜,"灣仔莊士敦道35-45號, Hong Kong, 香港",page - 6
120,利苑酒家 (觀塘),https://guide.michelin.com/hk/zh_HK/hong-kong-region/hong-kong/restaurant/lei-garden-kwun-tong,粵菜,"觀塘觀塘道418號創紀之城第5期apm 5樓L5-8, Hong Kong, 香港",page - 7
121,好到底 (元朗),https://guide.michelin.com/hk/zh_HK/hong-kong-region/hong-kong/restaurant/ho-to-tai-yuen-long,麵食,"元朗阜財街67號, Hong Kong, 香港",page - 7
122,麥文記,https://guide.michelin.com/hk/zh_HK/hong-kong-region/hong-kong/restaurant/mak-man-kee,麵食,"佐敦白加士街51號, Hong Kong, 香港",page - 7
123,一樂燒鵝,https://guide.michelin.com/hk/zh_HK/hong-kong-region/hong-kong/restaurant/yat-lok,燒味,"中環士丹利街34-38號, Hong Kong, 香港",page - 7
124,瑞樵閣,https://guide.michelin.com/hk/zh_HK/hong-kong-region/hong-kong/restaurant/chesa,瑞士菜,"尖沙咀梳士巴利道半島酒店1樓, Hong Kong, 香港",page - 7
125,鄧記,https://guide.michelin.com/hk/zh_HK/hong-kong-region/hong-kong/restaurant/deng-g,川菜,"灣仔皇后大道東147-149號威利商業大廈2樓, Hong Kong, 香港",page - 7
126,Takumi by Daisuke Mori,https://guide.michelin.com/hk/zh_HK/hong-kong-region/hong-kong/restaurant/takumi-by-daisuke-mori,創新菜,"灣仔活道16號萃峯地下1號舖, Hong Kong, 香港",page - 7
127,容龍,https://guide.michelin.com/hk/zh_HK/hong-kong-region/hong-kong/restaurant/dragon-inn,海鮮,"屯門青山公路19咪, Hong Kong, 香港",page - 7
128,金輝,https://guide.michelin.com/hk/zh_HK/hong-kong-region/hong-kong/restaurant/kam-fai,海鮮,"鯉魚門海傍道中10號, Hong Kong, 香港",page - 7
129,欣圖軒,https://guide.michelin.com/hk/zh_HK/hong-kong-region/hong-kong/restaurant/yan-toh-heen,粵菜,"尖沙咀梳士巴利道18號(可經K11 Musea商場進⼊), Hong Kong, 香港",page - 7
130,泰館,https://guide.michelin.com/hk/zh_HK/hong-kong-region/hong-kong/restaurant/samsen-sheung-wan,泰國菜,"上環蘇杭街23號地下, Hong Kong, 香港",page - 7
131,莆田 (銅鑼灣),https://guide.michelin.com/hk/zh_HK/hong-kong-region/hong-kong/restaurant/putien-causeway-bay,閩菜,"銅鑼灣波斯富街99號利舞臺廣場7樓A舖, Hong Kong, 香港",page - 7
132,聚興家,https://guide.michelin.com/hk/zh_HK/hong-kong-region/hong-kong/restaurant/ju-xing-home,粵菜,"太子砵蘭街416及418號地下, Hong Kong, 香港",page - 7
133,蓮香居,https://guide.michelin.com/hk/zh_HK/hong-kong-region/hong-kong/restaurant/lin-heung-kui,粵菜,"上環德輔道西40-50號2-3樓, Hong Kong, 香港",page - 7
134,Beefbar,https://guide.michelin.com/hk/zh_HK/hong-kong-region/hong-kong/restaurant/beefbar,扒房,"中環雪廠街16號西洋會所2樓, Hong Kong, 香港",page - 7
135,大班樓,https://guide.michelin.com/hk/zh_HK/hong-kong-region/hong-kong/restaurant/the-chairman,粵菜,"中環九如坊18號, Hong Kong, 香港",page - 7
136,蘇浙滙 (灣仔),https://guide.michelin.com/hk/zh_HK/hong-kong-region/hong-kong/restaurant/jardin-de-jade-wan-chai,滬菜,"灣仔港灣道30號新鴻基中心地下G3-4號舖, Hong Kong, 香港",page - 7
137,石記廚房,https://guide.michelin.com/hk/zh_HK/hong-kong-region/hong-kong/restaurant/shek-kee-kitchen,粵菜,"天后銀幕街15-17號地下, Hong Kong, 香港",page - 7
138,坤記煲仔小菜 (皇后大道西),https://guide.michelin.com/hk/zh_HK/hong-kong-region/hong-kong/restaurant/kwan-kee-clay-pot-rice-queen-s-road-west,粵菜,"西營盤皇后大道西263號和益大廈地下1號舖, Hong Kong, 香港",page - 7
139,Tosca di Angelo,https://guide.michelin.com/hk/zh_HK/hong-kong-region/hong-kong/restaurant/tosca352519,意大利菜,"尖沙咀柯士甸道西1號環球貿易廣場麗思卡爾頓酒店102樓, Hong Kong, 香港",page - 7
140,Tate,https://guide.michelin.com/hk/zh_HK/hong-kong-region/hong-kong/restaurant/tate,創新菜,"上環荷李活道210號, Hong Kong, 香港",page - 8
141,九記,https://guide.michelin.com/hk/zh_HK/hong-kong-region/hong-kong/restaurant/kau-kee,麵食,"中環歌賦街21號, Hong Kong, 香港",page - 8
142,酉玉,https://guide.michelin.com/hk/zh_HK/hong-kong-region/hong-kong/restaurant/toritama,雞肉串燒,"中環己連拿利2號翠怡閣地舖, Hong Kong, 香港",page - 8
143,井巷子,https://guide.michelin.com/hk/zh_HK/hong-kong-region/hong-kong/restaurant/jing-alley,川菜,"上環干諾道中145號多寧大廈地下, Hong Kong, 香港",page - 8
144,Bombay Dreams,https://guide.michelin.com/hk/zh_HK/hong-kong-region/hong-kong/restaurant/bombay-dreams,印度菜,"中環雲咸街75-77號嘉兆商業大廈4樓, Hong Kong, 香港",page - 8
145,潮樂園 (北角),https://guide.michelin.com/hk/zh_HK/hong-kong-region/hong-kong/restaurant/chiuchow-delicacies,潮州菜,"北角和富道96號僑裕大廈地下4號舖, Hong Kong, 香港",page - 8
146,竹家,https://guide.michelin.com/hk/zh_HK/hong-kong-region/hong-kong/restaurant/takeya,日本菜,"紅磡黃埔新村德民街31C1安華樓1號舖, Hong Kong, 香港",page - 8
147,粥麵館,https://guide.michelin.com/hk/zh_HK/hong-kong-region/hong-kong/restaurant/congee-and-noodle-shop,粥麵,"鰂魚涌英皇道683號嘉里中心2樓2A號舖, Hong Kong, 香港",page - 8
148,Joyful Dessert House,https://guide.michelin.com/hk/zh_HK/hong-kong-region/hong-kong/restaurant/joyful-dessert-house-mong-kok,街頭小吃,"旺角黑布街74號藝興大廈地下2-3號舖, Hong Kong, 香港",page - 8
149,泰麵,https://guide.michelin.com/hk/zh_HK/hong-kong-region/hong-kong/restaurant/samsen,泰國菜,"灣仔石水渠街68號地下, Hong Kong, 香港",page - 8
150,Fork Eat,https://guide.michelin.com/hk/zh_HK/hong-kong-region/hong-kong/restaurant/fork-eat,街頭小吃,"元朗鳳攸北街11-15號益發大廈10號舖, Hong Kong, 香港",page - 8
151,Lucale,https://guide.michelin.com/hk/zh_HK/hong-kong-region/hong-kong/restaurant/lucale,意大利菜,"西營盤第三街100號地下A舖, Hong Kong, 香港",page - 8
152,增煇藝廚,https://guide.michelin.com/hk/zh_HK/hong-kong-region/hong-kong/restaurant/glorious-cuisine,粵菜,"深水埗石硤尾街31-33號, Hong Kong, 香港",page - 8
153,陸羽茶室,https://guide.michelin.com/hk/zh_HK/hong-kong-region/hong-kong/restaurant/luk-yu-tea-house,粵菜,"中環士丹利街24-26號, Hong Kong, 香港",page - 8
154,夜上海 (尖沙咀),https://guide.michelin.com/hk/zh_HK/hong-kong-region/hong-kong/restaurant/ye-shanghai-tsim-sha-tsui-1191719,滬菜,"尖沙咀梳士巴利道18號K11 Musea 7樓702號舖, Hong Kong, 香港",page - 8
155,麻辣燙,https://guide.michelin.com/hk/zh_HK/hong-kong-region/hong-kong/restaurant/chilli-fagara,川菜,"中環奧卑利街7號地下, Hong Kong, 香港",page - 8
156,粤 (黃金海岸),https://guide.michelin.com/hk/zh_HK/hong-kong-region/hong-kong/restaurant/yue-gold-coast,粵菜,"屯門黃金海岸青山公路1號黃金海岸酒店低層, Hong Kong, 香港",page - 8
157,功德林 (銅鑼灣),https://guide.michelin.com/hk/zh_HK/hong-kong-region/hong-kong/restaurant/kung-tak-lam-causeway-bay,素食,"銅鑼灣告士打道280號世貿中心10樓, Hong Kong, 香港",page - 8
158,Chaat,https://guide.michelin.com/hk/zh_HK/hong-kong-region/hong-kong/restaurant/chaat,印度菜,"尖沙咀梳士巴利道18號瑰麗酒店5樓, Hong Kong, 香港",page - 8
159,Zest by Konishi,https://guide.michelin.com/hk/zh_HK/hong-kong-region/hong-kong/restaurant/zest-by-konishi,時尚法國菜,"中環安蘭街18號28-29樓, Hong Kong, 香港",page - 8
160,第三代肥仔,https://guide.michelin.com/hk/zh_HK/hong-kong-region/hong-kong/restaurant/fat-boy,街頭小吃,"尖沙咀厚福街3號, Hong Kong, 香港",page - 9
161,吃什麼,https://guide.michelin.com/hk/zh_HK/hong-kong-region/hong-kong/restaurant/what-to-eat,台灣菜,"中環雲咸街75-77號嘉兆商業大廈地下A舖, Hong Kong, 香港",page - 9
162,佳佳甜品,https://guide.michelin.com/hk/zh_HK/hong-kong-region/hong-kong/restaurant/kai-kai,街頭小吃,"佐敦寧波街29號, Hong Kong, 香港",page - 9
163,Mono,https://guide.michelin.com/hk/zh_HK/hong-kong-region/hong-kong/restaurant/mono-1191514,拉丁美洲菜,"中環安蘭街18號5樓, Hong Kong, 香港",page - 9
164,生記,https://guide.michelin.com/hk/zh_HK/hong-kong-region/hong-kong/restaurant/sang-kee,粵菜,"灣仔軒尼詩道107-115號協生大廈1-2樓, Hong Kong, 香港",page - 9
165,麥記美食（北角）,https://guide.michelin.com/hk/zh_HK/hong-kong-region/hong-kong/restaurant/mak-kee,街頭小吃,"北角堡壘街21號1號舖, Hong Kong, 香港",page - 9
166,Bostonian Seafood & Grill,https://guide.michelin.com/hk/zh_HK/hong-kong-region/hong-kong/restaurant/bostonian-seafood-grill,扒房,"尖沙咀北京道8號朗廷酒店低層大堂, Hong Kong, 香港",page - 9
167,Kelly's Cape Bop,https://guide.michelin.com/hk/zh_HK/hong-kong-region/hong-kong/restaurant/kelly-s-cape-bop,街頭小吃,"灣仔莊士敦道55-61號修頓大廈C1舖, Hong Kong, 香港",page - 9
168,一宝,https://guide.michelin.com/hk/zh_HK/hong-kong-region/hong-kong/restaurant/ippoh,天婦羅,"中環鴨巴甸街39號, Hong Kong, 香港",page - 9
169,Odyssée,https://guide.michelin.com/hk/zh_HK/hong-kong-region/hong-kong/restaurant/odyssee,時尚法國菜,"尖沙咀柯士甸道西1號環球貿易廣場101樓A號舖, Hong Kong, 香港",page - 9
170,旅,https://guide.michelin.com/hk/zh_HK/hong-kong-region/hong-kong/restaurant/ta-vie,創新菜,"中環士丹利街21號中環‧石板街酒店2樓, Hong Kong, 香港",page - 9
171,Giando,https://guide.michelin.com/hk/zh_HK/hong-kong-region/hong-kong/restaurant/giando,意大利菜,"灣仔星街9號星域軒1座地下1號舖, Hong Kong, 香港",page - 9
172,裕記,https://guide.michelin.com/hk/zh_HK/hong-kong-region/hong-kong/restaurant/yue-kee,粵菜,"深井深康路9號, Hong Kong, 香港",page - 9
173,海德花園,https://guide.michelin.com/hk/zh_HK/hong-kong-region/hong-kong/restaurant/hyde-park-garden,海鮮,"鯉魚門海傍道中44號, Hong Kong, 香港",page - 9
174,浙江軒,https://guide.michelin.com/hk/zh_HK/hong-kong-region/hong-kong/restaurant/zhejiang-heen,浙江菜,"灣仔駱克道300-306號僑阜商業大廈1-3樓, Hong Kong, 香港",page - 9
175,益新,https://guide.michelin.com/hk/zh_HK/hong-kong-region/hong-kong/restaurant/yixin,粵菜,"灣仔軒尼詩道50號, Hong Kong, 香港",page - 9
176,Le Garçon Saigon,https://guide.michelin.com/hk/zh_HK/hong-kong-region/hong-kong/restaurant/le-garcon-saigon,越南菜,"灣仔永豐街12-18號地下, Hong Kong, 香港",page - 9
177,十八座狗仔粉 (佐敦),https://guide.michelin.com/hk/zh_HK/hong-kong-region/hong-kong/restaurant/block-18-doggie-s-noodle,街頭小吃,"佐敦寧波街27A地下, Hong Kong, 香港",page - 9
178,甬府,https://guide.michelin.com/hk/zh_HK/hong-kong-region/hong-kong/restaurant/yong-fu-1191533,寧波菜,"灣仔駱克道20-24號金星大廈地下2號舖及1樓, Hong Kong, 香港",page - 9
179,Frantzén's Kitchen,https://guide.michelin.com/hk/zh_HK/hong-kong-region/hong-kong/restaurant/frantzen-s-kitchen,斯堪的納維亞菜,"上環差館上街11號, Hong Kong, 香港",page - 9
180,鑄·鐵板燒,https://guide.michelin.com/hk/zh_HK/hong-kong-region/hong-kong/restaurant/im-teppanyaki-wine,鐵板燒,"大坑銅鑼灣道134號, Hong Kong, 香港",page - 10
181,波記,https://guide.michelin.com/hk/zh_HK/hong-kong-region/hong-kong/restaurant/po-kee,燒味,"西環皇后大道西425P號, Hong Kong, 香港",page - 10
182,何洪記 (銅鑼灣),https://guide.michelin.com/hk/zh_HK/hong-kong-region/hong-kong/restaurant/ho-hung-kee,粥麵,"銅鑼灣軒尼詩道500號希慎廣場12樓1204-1205號舖, Hong Kong, 香港",page - 10
183,品,https://guide.michelin.com/hk/zh_HK/hong-kong-region/hong-kong/restaurant/piin,時尚中國菜,"中環砵典乍街45號H Code‧The Steps 2樓, Hong Kong, 香港",page - 10
184,名人坊,https://guide.michelin.com/hk/zh_HK/hong-kong-region/hong-kong/restaurant/celebrity-cuisine,粵菜,"中環九如坊3號蘭桂坊酒店1樓, Hong Kong, 香港",page - 10
185,Carbone,https://guide.michelin.com/hk/zh_HK/hong-kong-region/hong-kong/restaurant/carbone467736,美國意大利菜,"中環雲咸街33號蘭桂芳大廈9樓, Hong Kong, 香港",page - 10
186,Hansik Goo,https://guide.michelin.com/hk/zh_HK/hong-kong-region/hong-kong/restaurant/hansik-goo,韓國菜,"中環擺花街8號2樓, Hong Kong, 香港",page - 10
187,Neighborhood,https://guide.michelin.com/hk/zh_HK/hong-kong-region/hong-kong/restaurant/neighborhood,時尚歐陸菜,"中環荷李活道61-63號, Hong Kong, 香港",page - 10
188,龍景軒,https://guide.michelin.com/hk/zh_HK/hong-kong-region/hong-kong/restaurant/lung-king-heen,粵菜,"中環金融街8號四季酒店4樓, Hong Kong, 香港",page - 10
189,富豪,https://guide.michelin.com/hk/zh_HK/hong-kong-region/hong-kong/restaurant/fu-ho-tsim-sha-tsui,粵菜,"尖沙咀彌敦道132號美麗華廣場一期食四方4樓402號舖, Hong Kong, 香港",page - 10
190,天鴻燒鵝,https://guide.michelin.com/hk/zh_HK/hong-kong-region/hong-kong/restaurant/tin-hung,燒味,"元朗建業街88號仁義大廈地下D舖, Hong Kong, 香港",page - 10
191,添好運 (深水埗),https://guide.michelin.com/hk/zh_HK/hong-kong-region/hong-kong/restaurant/tim-ho-wan-sham-shui-po,點心,"深水埗福榮街9-11號, Hong Kong, 香港",page - 10
192,錦,https://guide.michelin.com/hk/zh_HK/hong-kong-region/hong-kong/restaurant/nishiki,日本菜,"尖沙咀麼地道71號富豪九龍酒店1樓103室, Hong Kong, 香港",page - 10
193,瑞士餐廳,https://guide.michelin.com/hk/zh_HK/hong-kong-region/hong-kong/restaurant/the-swiss-chalet,瑞士菜,"尖沙咀赫德道8號地下, Hong Kong, 香港",page - 10
194,書湘門第 (西環),https://guide.michelin.com/hk/zh_HK/hong-kong-region/hong-kong/restaurant/cafe-hunan-western-district,湘菜,"西環皇后大道西420-424號, Hong Kong, 香港",page - 10
195,Aaharn,https://guide.michelin.com/hk/zh_HK/hong-kong-region/hong-kong/restaurant/aaharn,泰國菜,"中環荷李活道10號大館2座1樓, Hong Kong, 香港",page - 10
196,吉地士,https://guide.michelin.com/hk/zh_HK/hong-kong-region/hong-kong/restaurant/gaddi-s,法國菜,"尖沙咀梳士巴利道半島酒店1樓, Hong Kong, 香港",page - 10
197,Arbor,https://guide.michelin.com/hk/zh_HK/hong-kong-region/hong-kong/restaurant/arbor,創新菜,"中環皇后大道中80號H Queen's 25樓, Hong Kong, 香港",page - 10
198,椰小盅（太子）,https://guide.michelin.com/hk/zh_HK/hong-kong-region/hong-kong/restaurant/coconut-soup-prince-edward,街頭小吃,"太子白楊街2A號舖, Hong Kong, 香港",page - 10
199,The Araki,https://guide.michelin.com/hk/zh_HK/hong-kong-region/hong-kong/restaurant/the-araki-1191575,壽司,"尖沙咀廣東道2A號富衛1881公館前馬廐地下, Hong Kong, 香港",page - 10
200,千色車仔麵,https://guide.michelin.com/hk/zh_HK/hong-kong-region/hong-kong/restaurant/chin-sik,街頭小吃,"荃灣兆和街49號, Hong Kong, 香港",page - 11
201,麵鮮醬油房周月 (中環),https://guide.michelin.com/hk/zh_HK/hong-kong-region/hong-kong/restaurant/shugetsu-ramen-central,拉麵,"中環歌賦街5號, Hong Kong, 香港",page - 11
202,正斗粥麵專家 (中環),https://guide.michelin.com/hk/zh_HK/hong-kong-region/hong-kong/restaurant/tasty-central,粥麵,"中環港景街1號國際金融中心商場3樓3016-3018號舖, Hong Kong, 香港",page - 11
203,天寶閣,https://guide.michelin.com/hk/zh_HK/hong-kong-region/hong-kong/restaurant/celestial-court,粵菜,"尖沙咀彌敦道20號喜來登酒店2樓, Hong Kong, 香港",page - 11
204,福元湯圓,https://guide.michelin.com/hk/zh_HK/hong-kong-region/hong-kong/restaurant/fook-yuen,街頭小吃,"北角福元街7號利都樓地下I-1舖, Hong Kong, 香港",page - 11
205,逸東軒,https://guide.michelin.com/hk/zh_HK/hong-kong-region/hong-kong/restaurant/yat-tung-heen-jordan,粵菜,"佐敦彌敦道380號逸東酒店地庫2樓, Hong Kong, 香港",page - 11
206,強記美食,https://guide.michelin.com/hk/zh_HK/hong-kong-region/hong-kong/restaurant/keung-kee,街頭小吃,"灣仔駱克道382號, Hong Kong, 香港",page - 11
207,L'Atelier de Joël Robuchon,https://guide.michelin.com/hk/zh_HK/hong-kong-region/hong-kong/restaurant/l-atelier-de-joel-robuchon,時尚法國菜,"中環皇后大道中15號置地廣場中庭4樓401號舖, Hong Kong, 香港",page - 11
208,瑞兆,https://guide.michelin.com/hk/zh_HK/hong-kong-region/hong-kong/restaurant/zuicho,日本菜,"上環蘇杭街29號尚圜地下, Hong Kong, 香港",page - 11
209,文記車仔麵,https://guide.michelin.com/hk/zh_HK/hong-kong-region/hong-kong/restaurant/man-kei-cart-noodles,街頭小吃,"深水埗福榮街121號, Hong Kong, 香港",page - 11
210,都爹利會館,https://guide.michelin.com/hk/zh_HK/hong-kong-region/hong-kong/restaurant/duddell-s,粵菜,"中環都爹利街1號上海灘3樓, Hong Kong, 香港",page - 11
211,東來順,https://guide.michelin.com/hk/zh_HK/hong-kong-region/hong-kong/restaurant/dong-lai-shun,"京菜, 京菜","尖東麼地道69號帝苑酒店地庫2樓, Hong Kong, 香港",page - 11
212,新園興記,https://guide.michelin.com/hk/zh_HK/hong-kong-region/hong-kong/restaurant/sun-yuen-hing-kee,燒味,"上環皇后大道中327-329號, Hong Kong, 香港",page - 11
